segment,start,end,medad_p50,medad_p90,medad_p99,si_p50,si_p90,changed_pct,rtci,burst_score,tail_score,extreme_score,adim_sustained,adim_dynamic,adim_risk,spatial_adim,scene_activity,texture,spatial_score,temporal_score,v9_fusion,adci_temporal,adci_spatial,bdi,regime,class
0,0.0,5.0,1.0,6.0,7.0,59.16119194030762,69.1644905090332,9.590862315188174,0.34059523809523806,0.6,0.35,0.1,0.19583333331875,0.57,0.11821545157780199,0.4050424465942442,0.013106634393228617,876.655031457413,0.2875224153690378,0.31454247143404696,0.3617772170882263,0.3035063021349031,0.4050424465942442,0.3293549397535073,SPARSE-EXTREME,Moderate
1,5.0,10.0,0.0,2.0,2.0,58.481502532958984,104.35660858154297,10.942374999999997,0.115,0.2,0.1,1.0,0.043749999978124995,0.5,0.08650952380952383,0.44433424348224004,0.013218060729847495,1097.7355870169724,0.41570926578995837,0.24827226785369752,0.3056734228013944,0.21626535713520087,0.44433424348224004,0.34173319857633583,BURST-DOMINATED,Moderate
2,10.0,15.000000000000002,2.0,2.0,2.0,105.02677154541016,105.68005981445313,21.413336805555556,0.5325,0.1,0.05,0.1,0.999999999825,0.015,0.08000000000000002,0.4578237697722566,0.022158797930283223,1568.6170597134983,0.31059133338478795,0.19841249997243748,0.4729591134514729,0.37924999993874997,0.4578237697722566,0.22212541395734534,LOW-COMPLEXITY,Moderate
3,15.000000000000002,20.0,2.0,2.0,2.0,94.29251098632812,101.12973175048828,13.46423263888889,0.6325,0.1,0.05,1.0,0.91249999986875,0.2583333333333333,0.08000000000000002,0.395959188958853,0.015758278594771243,1242.3415613872558,0.25890320972643005,0.28378958331266146,0.4598712629378331,0.43379166662072915,0.395959188958853,0.26800008298507666,LOW-COMPLEXITY,Moderate
4,20.0,25.000000000000004,1.0,1.0,1.0,65.61399841308594,66.06629486083985,1.8648784722222225,0.5325,0.1,0.05,0.1,0.99999999965,0.235,0.08000000000000002,0.39247548787857967,0.005254363834422657,1083.2857560550424,0.22899606842239964,0.288062499944875,0.478514295257088,0.4562499998775,0.39247548787857967,0.2546091655815357,LOW-COMPLEXITY,Moderate
5,25.000000000000004,30.000000000000004,0.0,4.6000000000000085,6.760000000000005,102.13911437988281,120.45493011474609,9.494815972222224,0.1874391304347828,0.46000000000000085,0.33800000000000024,0.1035502958579881,0.019021739126299585,0.5,0.24534397965747257,0.38752740863826574,0.010465748910675381,1438.6790351535951,0.2728147681968925,0.3134705550633927,0.33665969396002204,0.25526080259144657,0.38752740863826574,0.3191580217735084,SPARSE-EXTREME,Moderate
6,30.000000000000004,35.0,4.0,6.6000000000000085,9.0,88.36015319824219,89.45403289794922,23.071590277777776,0.3106502525252526,0.1650000000000002,0.1125,0.1,0.5795454545173317,0.16479761904761905,0.20756802091909704,0.47022697835251315,0.025641470179738557,1479.4359689769817,0.3376035552903408,0.24872552794819172,0.436993442093503,0.3227904820234619,0.47022697835251315,0.27652734568953746,LOW-COMPLEXITY,Moderate
7,35.0,40.0,4.0,4.0,4.0,75.73602294921875,87.20692443847656,22.69953125,0.5575,0.1,0.05,1.0,0.9781249999179688,0.18366666666666664,0.14270000000000002,0.44908854634496626,0.02513274754901961,2797.3593121445824,0.3408287004834926,0.2909733541537467,0.49226436000628093,0.44943708330462234,0.44908854634496626,0.2977564063243698,LOW-COMPLEXITY,Moderate
8,40.0,45.00000000000001,4.0,4.0,5.0,77.11491394042969,77.89893035888672,24.95938194444445,0.43437500000000007,0.1,0.0625,0.1,0.9999999999125,0.015,0.13649284650258697,0.39515359049194404,0.02481656454248366,3129.1947497271813,0.2326831788757357,0.22298688821484408,0.4642883590841811,0.39619785392015106,0.39515359049194404,0.20427804446973327,LOW-COMPLEXITY,Moderate
9,45.00000000000001,50.00000000000001,3.0,4.0,4.760000000000005,84.91851043701172,85.52520141601562,21.80226736111111,0.3603593837535011,0.13333333333333333,0.07933333333333342,0.9453781512605032,0.749999999934375,0.19333333333333333,0.37410214168039546,0.49842307498112204,0.023285434912854026,1977.9315833880062,0.35983270713897364,0.3596427649539694,0.5166303406698567,0.44239730914781655,0.49842307498112204,0.3405798586440488,LOW-COMPLEXITY,High
10,50.00000000000001,55.00000000000001,3.0,3.0,4.0,88.4476089477539,91.51359710693359,18.172722222222227,0.41000000000000003,0.1,0.06666666666666667,1.0,0.9999999998833333,0.015,0.37142857142857144,0.397476552272367,0.020654583333333334,2094.3472885746137,0.2431917649871999,0.32518392855305356,0.5104158504635532,0.46667857138773805,0.397476552272367,0.2603365778020375,LOW-COMPLEXITY,High
11,55.00000000000001,60.00000000000001,0.0,1.0,1.0,111.10102081298828,111.41607513427735,9.710833333333332,0.1325,0.1,0.05,0.1,0.08749999991249999,0.42999999999999994,0.06857142857142857,0.4128617338271165,0.013739179193899784,3469.0684549616253,0.25352731778689563,0.21883482141479016,0.3272138391990873,0.20169642854080352,0.4128617338271165,0.25585878344206353,LOW-COMPLEXITY,Moderate
12,60.00000000000001,65.0,0.0,1.0,1.7600000000000051,112.01542663574219,112.55720367431641,8.156510416666666,0.03820000000000004,0.1,0.08800000000000026,1.0,0.0,0.15,0.34610328638497667,0.5142671692835886,0.012176534994553376,3020.9972552213385,0.3807331437198354,0.21167992957746484,0.36277083569607693,0.156330985915493,0.5142671692835886,0.27818506499039397,LOW-COMPLEXITY,Moderate
13,65.0,70.0,1.0,1.0,1.0,61.75470733642578,62.20518264770508,4.169208333333334,0.5325,0.1,0.05,0.1,0.99999999965,0.015,0.08000000000000002,0.4027288324265033,0.007035376361655773,1224.5915928904208,0.24203946207020854,0.19841249994487498,0.45491378851846376,0.37924999987749997,0.4027288324265033,0.19530734890994075,LOW-COMPLEXITY,Moderate
14,70.0,75.0,3.0,4.0,4.0,72.57489776611328,72.962890625,24.228635416666666,0.49333333333333335,0.13333333333333333,0.06666666666666667,1.0,0.7281249999398438,0.15636363636363634,0.08320000000000001,0.5088698688795198,0.02587628962418301,1524.4790720317158,0.3727716597678924,0.21458986930870722,0.4530786946739265,0.33453102270621804,0.5088698688795198,0.2693168148908496,LOW-COMPLEXITY,Moderate
15,75.0,80.0,3.0,4.0,4.0,67.08968353271484,71.05745544433594,28.145572916666666,0.44333333333333336,0.13333333333333333,0.06666666666666667,0.1,0.7718749999289063,0.19153846153846152,0.1459,0.4067413646604966,0.02974786587690632,1221.476136717179,0.2627787304320347,0.2630887355657258,0.44384397047783175,0.3809647115135787,0.4067413646604966,0.2548190291027497,LOW-COMPLEXITY,Moderate
16,80.0,85.0,3.0,4.0,4.0,65.52906036376953,66.0523452758789,28.623381944444446,0.41833333333333333,0.13333333333333333,0.06666666666666667,1.0,0.749999999934375,0.19333333333333333,0.08727272727272728,0.40013447237220656,0.02990104125816993,1489.328354248608,0.23825046048059167,0.2348719696866338,0.4289467765523547,0.3563484848255161,0.40013447237220656,0.23064722636481078,LOW-COMPLEXITY,Moderate
17,85.0,90.00000000000001,2.0,3.0,3.0,64.44825744628906,65.96878051757812,24.226479166666664,0.4154166666666666,0.15,0.075,0.7333333333333333,0.6958333332458333,0.2036111111111111,0.11440588235294119,0.3948495141212565,0.024877089596949894,1367.817620913465,0.23819538961593165,0.2423318365875259,0.4222168409654061,0.34912732023081283,0.3948495141212565,0.23622487074626278,LOW-COMPLEXITY,Moderate
18,90.00000000000001,95.00000000000001,2.0,2.0,3.0,68.13395690917969,69.08285064697266,24.34044097222222,0.3695833333333333,0.1,0.075,0.1,0.999999999825,0.015,0.096,0.3908114440441415,0.026245915305010893,1569.8219789089542,0.22955208726352977,0.20537249997243748,0.45493021087491436,0.38404999993874994,0.3908114440441415,0.19444875642694953,LOW-COMPLEXITY,Moderate
19,95.00000000000001,100.00000000000001,2.0,2.0,3.0,69.42566680908203,109.23817749023438,23.13980555555555,0.3695833333333333,0.1,0.075,1.0,0.999999999825,0.2,0.376,0.4005839367232272,0.02573113575708061,1857.1948655187862,0.3430584774232498,0.40255999997243747,0.511445859267173,0.5327999999387499,0.4005839367232272,0.3567893052743286,LOW-COMPLEXITY,High
20,100.00000000000001,105.00000000000001,2.0,2.0,2.0,108.8841781616211,109.6433609008789,13.866680555555552,0.5325,0.1,0.05,0.1,0.999999999825,0.186,0.08000000000000002,0.4339703835802502,0.015454725898692807,2817.407567506342,0.286070576867146,0.2680949999724375,0.4863196444939649,0.43909999993875,0.4339703835802502,0.26325456811139825,LOW-COMPLEXITY,Moderate
21,105.00000000000001,110.00000000000001,1.0,2.0,2.0,100.32311248779297,104.41880950927734,10.48617013888889,0.365,0.2,0.1,1.0,0.456249999934375,0.23666666666666666,0.10116153846153847,0.4500199728445863,0.014035175517429197,2178.385295788022,0.3168565753491974,0.21230631088709997,0.39367995286603397,0.2728692948488261,0.4500199728445863,0.2580521754024615,BURST-DOMINATED,Moderate
22,110.00000000000001,115.00000000000001,0.0,1.0,1.0,101.4383544921875,103.97224578857421,7.007871527777779,0.0325,0.1,0.05,0.1,0.0,0.15,0.04571428571428573,0.3817736669446252,0.0089999753540305,1409.9196268122746,0.2205145191675437,0.08101071428571428,0.25948660859795714,0.06621428571428571,0.3817736669446252,0.14999129871404338,LOW-COMPLEXITY,Low
23,115.00000000000001,120.00000000000001,4.0,5.0,6.0,57.52577590942383,97.91238403320312,20.40790625,0.47583333333333333,0.125,0.075,1.0,0.7474999999545,0.2214423076923077,0.49435877379216575,0.39267985762119584,0.022246419389978213,1539.7381891297393,0.3400773082063681,0.4230150569770412,0.483054968379244,0.4874374398140324,0.39267985762119584,0.3704523216225223,LOW-COMPLEXITY,Moderate
24,120.00000000000001,125.00000000000001,5.0,5.0,5.0,60.755584716796875,63.93192749023437,31.111309027777775,0.5325,0.1,0.05,0.1,0.99999999993,0.1734,0.08000000000000002,0.3856569895127343,0.029850983932461876,1845.7113127454497,0.2326942298816156,0.26296049998897497,0.4667640944696231,0.43468999997549995,0.3856569895127343,0.2386503006269923,LOW-COMPLEXITY,Moderate
25,125.00000000000001,130.0,1.0,5.0,5.0,116.5858154296875,120.25137023925781,13.176006944444445,0.28250000000000003,0.5,0.25,1.0,0.2174999999825,0.449,0.2073099290780142,0.41777832613276994,0.016961215277777778,2020.0267787248156,0.28154090122877873,0.30740356914617994,0.38079752012695967,0.29546797871727926,0.41777832613276994,0.3129514904873349,SPARSE-EXTREME,Moderate
26,130.0,135.0,1.0,1.0,1.0,125.4870834350586,130.68417053222657,6.639829861111111,0.5325,0.1,0.05,0.1,0.99999999965,0.015,0.08000000000000002,0.38589366152130244,0.008528676062091501,2261.4743429512837,0.23062554397527849,0.19841249994487498,0.4473941965253563,0.37924999987749997,0.38589366152130244,0.1911773253911883,LOW-COMPLEXITY,Moderate
27,135.0,140.0,1.0,1.0,1.7600000000000051,129.59014892578125,131.68813781738282,5.0986770833333335,0.32229090909090835,0.1,0.08800000000000026,1.0,0.99999999965,0.015,0.3820289855072465,0.4582302439449535,0.009754493464052287,3318.5470214673214,0.31840121691616796,0.3297951086405272,0.5333969637429449,0.4698586955296739,0.4582302439449535,0.2923863326079633,LOW-COMPLEXITY,High
28,140.0,145.0,2.0,2.0,2.0,130.9476776123047,131.43365478515625,11.348315972222222,0.5825,0.1,0.05,1.0,0.956249999846875,0.20500000000000002,0.08270000000000001,0.4045474964477061,0.015183882625272328,3398.4800968107447,0.24352856599641443,0.2701213749758828,0.4713340109055074,0.4312474999464062,0.4045474964477061,0.2492493127032083,LOW-COMPLEXITY,Moderate
29,145.0,150.0,2.0,2.0,2.0,62.45882034301758,62.753622436523436,18.64467013888889,0.5825,0.1,0.05,0.1,0.956249999846875,0.20500000000000002,0.08270000000000001,0.40932512033363455,0.01943427546296296,1374.8827231581295,0.24897585601138084,0.2701213749758828,0.4727513775175711,0.4312474999464062,0.40932512033363455,0.25127463005343165,LOW-COMPLEXITY,Moderate
30,150.0,155.0,1.0,2.0,3.0,62.79623031616211,67.64237823486329,14.328027777777779,0.2891666666666667,0.2,0.15,1.0,0.543749999890625,0.236,0.38704782608695654,0.5454478864804269,0.01671767293028323,1319.080263681972,0.4424853026236821,0.35017642933059956,0.49441471740619325,0.3890268477878057,0.5454478864804269,0.37498300469694545,BURST-DOMINATED,Moderate
31,155.0,160.0,1.0,1.0,1.0,68.0,68.29730529785157,1.029003472222222,0.5325,0.1,0.05,0.1,0.99999999965,0.235,0.08000000000000002,0.39493884560992326,0.0045361958061002185,1498.9644250986053,0.23137963036710835,0.288062499944875,0.47943455024711457,0.4562499998775,0.39493884560992326,0.25550719636756347,LOW-COMPLEXITY,Moderate
32,160.0,165.0,1.0,1.0,2.0,68.06779479980469,68.36567993164063,6.3488125,0.29000000000000004,0.1,0.1,1.0,0.99999999965,0.235,0.6455861584317487,0.4299967866350479,0.00878567578976035,1205.687967938639,0.28915333955879524,0.5340924788626857,0.6028992852162767,0.6259258474070246,0.4299967866350479,0.40368014671109476,HEAVY-TAIL-RISK,High
33,165.0,170.0,1.0,1.0,2.0,43.66796112060547,43.877648162841794,12.122520833333336,0.29000000000000004,0.1,0.1,0.1,0.99999999965,0.015,0.25453806518612165,0.4010636584189134,0.012690136437908497,528.5466481818996,0.2391218057241263,0.27433655830083786,0.4898200376284939,0.4316114194333364,0.4010636584189134,0.2326627112052259,LOW-COMPLEXITY,Moderate
34,170.0,175.00000000000003,0.0,1.0,1.0,44.138057708740234,61.84649505615234,5.379340277777777,0.1325,0.1,0.05,1.0,0.08749999991249999,0.42999999999999994,0.06857142857142857,0.4201707293894518,0.00779778077342048,488.13915694353506,0.34521581160843884,0.21883482141479016,0.309551846678547,0.20169642854080352,0.4201707293894518,0.2936940840800622,LOW-COMPLEXITY,Moderate
35,175.00000000000003,180.00000000000003,0.0,0.0,0.0,43.250404357910156,49.34420318603516,0.032895833333333326,0.0,0.0,0.0,0.1,0.0,0.0,0.0,0.38838468467695786,0.0009260872821350763,256.14755028382854,0.25711786603295717,0.0,0.2113486363356162,0.0,0.38838468467695786,0.10543478456470479,LOW-COMPLEXITY,Low
36,180.00000000000003,185.00000000000003,1.0,2.0,3.760000000000005,94.74320220947266,96.24996643066406,6.212076388888888,0.21117872340425517,0.2,0.18800000000000025,1.0,0.4999999999125,0.18999999999999997,0.6378656174292956,0.4287630008007465,0.01144971446078431,1491.1114386663241,0.2966034707628399,0.4336465435679623,0.49442039190249865,0.43285968519816365,0.4287630008007465,0.3573379649615022,HEAVY-TAIL-RISK,Moderate
37,185.00000000000003,190.00000000000003,2.0,2.0,3.0,96.40109252929688,96.9502456665039,15.990927083333332,0.4195833333333333,0.1,0.075,0.1,0.956249999846875,0.20500000000000002,0.1851992230630751,0.40282110246738656,0.019212405228758174,2767.856009428148,0.2419916089150384,0.3147085370083204,0.49141069770750523,0.4619972668653287,0.40282110246738656,0.27131415649776064,LOW-COMPLEXITY,Moderate
38,190.00000000000003,195.00000000000003,0.0,2.0,3.0,83.702392578125,97.01194763183594,5.7293125,0.07250000000000001,0.2,0.15,1.0,0.0,0.15,0.34,0.5292480350768813,0.008524916258169934,1851.1450611719047,0.44063757481094257,0.20902500000000002,0.3565191430600494,0.1545,0.5292480350768813,0.3012884787072682,BURST-DOMINATED,Moderate
39,195.00000000000003,200.00000000000003,0.0,0.0,1.7600000000000051,84.65911102294922,85.14159088134765,2.3406493055555555,0.013200000000000038,0.0,0.08800000000000026,1.0,0.0,0.0,0.28,0.41904367656767433,0.005438041938997822,1520.052819664396,0.2619660548579228,0.1218,0.30105209710662106,0.084,0.41904367656767433,0.1735903422743602,LOW-COMPLEXITY,Moderate
40,200.00000000000003,205.00000000000003,2.0,2.0,2.0,100.86117553710938,101.28693237304688,15.622302083333333,0.5325,0.1,0.05,0.1,0.999999999825,0.015,0.08000000000000002,0.40112492889675516,0.016926203022875813,1639.7504755521365,0.23861547787397971,0.19841249997243748,0.45498649814954606,0.37924999993874997,0.40112492889675516,0.1940217810651422,LOW-COMPLEXITY,Moderate
41,205.00000000000003,210.00000000000003,2.0,2.0,2.0,101.86390686035156,102.36499328613282,14.745395833333333,0.5325,0.1,0.05,1.0,0.999999999825,0.2,0.08000000000000002,0.5142516528301643,0.017678265795206972,1636.6805584289575,0.38002889004065077,0.27379999997243754,0.5128074892254614,0.44399999993875,0.5142516528301643,0.3029341530416958,LOW-COMPLEXITY,High
42,210.00000000000003,215.00000000000003,1.0,1.0,1.0,71.60877990722656,71.79096221923828,4.023583333333333,0.5325,0.1,0.05,0.1,0.99999999965,0.015,0.08000000000000002,0.41538605086743907,0.006553594090413942,874.5819391659085,0.25675279501218906,0.19841249994487498,0.45924585424737185,0.37924999987749997,0.41538605086743907,0.20101593377581492,LOW-COMPLEXITY,Moderate
43,215.00000000000003,220.00000000000003,1.0,6.0,6.760000000000005,70.19901275634766,137.21143493652343,15.954704861111109,0.3579978303747534,0.6,0.33800000000000024,0.7248520710059166,0.23958333331145834,0.39555555555555555,0.3947383309759548,0.3691951567875585,0.021888263480392158,1756.4226351526838,0.3302364135824675,0.37063443785998396,0.37124476347393676,0.3407201103962413,0.3691951567875585,0.36085472334550406,SPARSE-EXTREME,Moderate
44,220.00000000000003,225.00000000000003,6.0,6.0,6.0,136.78578186035156,137.4646209716797,38.726670138888885,0.5325,0.1,0.05,0.1,0.9999999999416667,0.17666666666666664,0.08000000000000002,0.42074867428870444,0.04848149523420479,3567.2853215631662,0.2682050527389048,0.26429166665747916,0.4832375785738292,0.4358333333129166,0.42074867428870444,0.2542151769647832,LOW-COMPLEXITY,Moderate
45,225.00000000000003,230.00000000000003,6.0,6.0,7.0,129.82093811035156,131.96216735839843,22.745256944444442,0.5623214285714285,0.1,0.058333333333333334,0.6428571428571429,0.91249999995625,0.2583333333333333,0.36615384615384616,0.4220217567871667,0.03101750667211329,2383.435162584211,0.28096905454809773,0.4082665064033657,0.530292834657639,0.519637820497508,0.4220217567871667,0.3400879904638411,LOW-COMPLEXITY,High
46,230.00000000000003,235.00000000000003,0.0,1.0,1.0,87.87462615966797,88.20060882568359,4.262795138888889,0.0325,0.1,0.05,0.1,0.0,0.15,0.04571428571428573,0.3936982228890762,0.0066477802287581685,1396.6368188386439,0.22955037692638086,0.08101071428571428,0.26466238770309836,0.06621428571428571,0.3936982228890762,0.15333961129414866,LOW-COMPLEXITY,Low
47,235.00000000000003,240.00000000000003,0.0,1.0,1.0,88.0978012084961,89.01558380126953,7.610197916666667,0.1325,0.1,0.05,1.0,0.08749999991249999,0.42999999999999994,0.06857142857142857,0.39673696845786854,0.009696697576252723,1090.4249961409334,0.23471861998405888,0.21883482141479016,0.3212130787923684,0.20169642854080352,0.39673696845786854,0.2483853597406055,LOW-COMPLEXITY,Moderate
48,240.00000000000003,245.00000000000003,0.0,0.0,0.0,85.02717590332031,85.66361541748047,2.2924305555555557,0.0,0.0,0.0,0.1,0.0,0.0,0.0,0.42262739062609184,0.004215196623093682,831.2831842569485,0.2687225948939824,0.0,0.24630600660665627,0.0,0.42262739062609184,0.11491155210279794,LOW-COMPLEXITY,Low
49,245.00000000000003,250.00000000000003,1.0,1.0,1.0,105.71232604980469,106.37538146972656,5.402319444444444,0.5325,0.1,0.05,1.0,0.99999999965,0.015,0.08000000000000002,0.48419264419415153,0.00886680991285403,2835.1190135449924,0.34025160809020344,0.19841249994487498,0.47970048486075334,0.37924999987749997,0.48419264419415153,0.23272281269782752,LOW-COMPLEXITY,Moderate
50,250.00000000000003,255.00000000000003,1.0,1.0,1.0,106.67971801757812,107.17634429931641,6.589375,0.5325,0.1,0.05,1.0,0.99999999965,0.015,0.08000000000000002,0.5148105493160025,0.010342383306100215,2729.4463561286725,0.37962054434100634,0.19841249994487498,0.4898463946069963,0.37924999987749997,0.5148105493160025,0.24830387295395126,LOW-COMPLEXITY,Moderate
51,255.00000000000003,260.0,0.0,0.0,0.0,88.56710052490234,88.84587249755859,3.1343854166666665,0.0,0.0,0.0,0.0,0.0,0.0,0.0,0.4023999897031269,0.004436693491285403,1086.3561946145553,0.2398616074824617,0.0,0.2397172426663371,0.0,0.4023999897031269,0.10323184124866709,LOW-COMPLEXITY,Low
52,260.0,265.0,0.0,1.0,1.0,90.33587646484375,111.95728759765625,3.8590208333333336,0.0325,0.1,0.05,1.0,0.0,0.15,0.04571428571428573,0.44397545761485224,0.006730627859477125,1673.9753862303464,0.35062313075094614,0.08101071428571428,0.2689852008366185,0.06621428571428571,0.44397545761485224,0.20281966412171934,LOW-COMPLEXITY,Low
53,265.0,270.0,0.0,1.0,1.0,111.76158905029297,112.01868438720703,0.9642395833333334,0.1325,0.1,0.05,0.1,0.08749999991249999,0.42999999999999994,0.06857142857142857,0.41604519030839515,0.0041094381808278865,3100.012626898141,0.25688594268138915,0.21883482141479016,0.3276515240863639,0.20169642854080352,0.41604519030839515,0.2568954214795374,LOW-COMPLEXITY,Moderate
54,270.0,275.0,0.0,1.0,1.0,110.89013671875,111.51162414550781,3.9370625000000006,0.1325,0.1,0.05,1.0,0.08749999991249999,0.42999999999999994,0.06857142857142857,0.445295984086205,0.007399384803921568,2174.1023693555435,0.30612848189580977,0.21883482141479016,0.3355754729200796,0.20169642854080352,0.445295984086205,0.2769773747340957,LOW-COMPLEXITY,Moderate
55,275.0,280.0,0.0,9.0,10.0,76.68545532226562,77.65226135253906,14.048409722222221,0.35555555555555557,0.9,0.5,0.1,0.04861111110570988,0.5,0.08808860103626945,0.4604184345713267,0.012149380174291938,718.044509926864,0.3271550894530841,0.24972479144992651,0.34540514012238965,0.21844046919787927,0.4604184345713267,0.3075780252819872,SPARSE-EXTREME,Moderate
56,280.0,285.0,0.0,0.0,4.760000000000005,112.099609375,112.37510986328125,3.4722048611111114,0.03570000000000004,0.0,0.23800000000000027,0.6722689075630245,0.0,0.0,0.5003213646328313,0.43104346869034504,0.00645296160130719,1311.6238293336155,0.2872898882930812,0.21763979361528163,0.3488292704035959,0.1500964093898494,0.43104346869034504,0.2330225263101376,SPARSE-EXTREME,Moderate
57,285.0,290.0,0.0,0.0,1.0,112.04866790771484,112.24404449462891,2.277249999999999,0.0075,0.0,0.05,0.1,0.0,0.0,1.0,0.4149290099086338,0.003984247957516339,1526.1823084402586,0.25567578575262234,0.435,0.4443519989783471,0.3,0.4149290099086338,0.3296288400415742,HEAVY-TAIL-RISK,Moderate
58,290.0,295.0,0.0,0.0,1.0,112.16154479980469,114.58028259277344,2.423604166666667,0.0075,0.0,0.05,1.0,0.0,0.0,1.0,0.41550031154009415,0.005927043028322439,2336.3556254758646,0.2646081213457169,0.435,0.44394865464097033,0.3,0.41550031154009415,0.33381101191217444,HEAVY-TAIL-RISK,Moderate
59,295.0,300.0,0.0,3.0,4.0,111.89013671875,112.67524719238281,2.8537986111111104,0.13833333333333334,0.3,0.2,0.1,0.02916666665694444,0.5,0.16815454545454545,0.5025602982999952,0.006034098856209151,2296.305601208563,0.3657059688739871,0.281490977271196,0.37111936196477324,0.23565469696629415,0.5025602982999952,0.3373278683678472,SPARSE-EXTREME,Moderate
60,300.0,305.0,0.0,1.0,3.760000000000005,111.60234069824219,111.61808776855469,0.3402534722222222,0.05320000000000004,0.1,0.18800000000000025,0.10638297872340412,0.0,0.15,0.09853701902953874,0.5052219758388022,0.0013973327886710241,1049.8173866187383,0.36737766165061536,0.10398860327784934,0.30998868292948856,0.08206110570886162,0.5052219758388022,0.21815992874535892,LOW-COMPLEXITY,Moderate
61,305.0,310.0,0.0,0.0,0.0,111.64012908935547,111.64165649414062,0.0,0.0,0.0,0.0,0.0,0.0,0.0,0.0,0.42410469068115614,1.5735702614379087e-05,1099.7156860691227,0.26670884150902063,0.0,0.24667591088081223,0.0,0.42410469068115614,0.11366481689250556,LOW-COMPLEXITY,Low
62,310.0,315.0,0.0,0.0,0.0,111.63489532470703,111.64508819580078,0.0,0.0,0.0,0.0,0.0,0.0,0.0,0.0,0.40253938636036923,1.0410403050108932e-05,1099.8537587417616,0.24175809726955197,0.0,0.24042697093734197,0.0,0.40253938636036923,0.10439364187275336,LOW-COMPLEXITY,Low
63,315.0,320.0,0.0,0.0,0.0,111.64112091064453,111.64559020996094,0.0,0.0,0.0,0.0,0.0,0.0,0.0,0.0,0.3866503330174864,9.708469498910675e-06,1100.0504168650693,0.22018012313451538,0.0,0.23503958239260866,0.0,0.3866503330174864,0.09569133215029911,LOW-COMPLEXITY,Low
64,320.0,325.0,0.0,0.0,0.0,111.64402770996094,111.64535980224609,0.0,0.0,0.0,0.0,0.0,0.0,0.0,0.0,0.4065274431303884,8.970588235294117e-06,1100.113969282461,0.24682005906634685,0.0,0.24170353903988848,0.0,0.4065274431303884,0.10637440741453728,LOW-COMPLEXITY,Low
65,325.0,330.0,0.0,0.0,0.0,111.63191223144531,111.64008331298828,0.0,0.0,0.0,0.0,0.0,0.0,0.0,0.0,0.48984336408438156,9.630310457516341e-06,1099.823798144042,0.3481034107532682,0.0,0.26701536089181105,0.0,0.48984336408438156,0.1450462406676726,LOW-COMPLEXITY,Low
66,330.0,335.0,0.0,0.0,0.0,111.634521484375,111.6391830444336,0.0,0.0,0.0,0.0,0.0,0.0,0.0,0.0,0.3875635169750175,8.890386710239651e-06,1100.109339368909,0.22140849403502136,0.0,0.23534624638662724,0.0,0.3875635169750175,0.09618455400907583,LOW-COMPLEXITY,Low
67,335.0,340.0,0.0,1.0,1.0,108.25370025634766,111.64067077636719,0.4478958333333334,0.0325,0.1,0.05,0.1,0.0,0.15,0.04571428571428573,0.4260869377151412,0.0016175220588235295,809.389168387943,0.2880948662325807,0.08101071428571428,0.27203790707098074,0.06621428571428571,0.4260869377151412,0.17709610901949113,LOW-COMPLEXITY,Low
68,340.0,345.0,0.0,0.0,0.0,102.18972778320312,105.70332794189453,0.10501736111111111,0.0,0.0,0.0,0.2,0.0,0.0,0.0,0.4892768708825006,0.00019078703703703703,840.5831101736098,0.35531740279759993,0.0,0.2638562461874043,0.0,0.4892768708825006,0.1476891698437663,LOW-COMPLEXITY,Low
69,345.0,350.00000000000006,0.0,4.0,5.0,60.531837463378906,131.70101013183594,1.9538298611111113,0.1375,0.4,0.25,0.82,0.0,0.15,0.33333333333333337,0.3584986383563842,0.005095171977124182,987.4481050244744,0.3287564793843861,0.206125,0.2734562697929118,0.1525,0.3584986383563842,0.2579632745306161,SPARSE-EXTREME,Low
70,350.00000000000006,355.00000000000006,0.0,0.0,21.520000000000138,54.76774215698242,132.50743713378907,1.7843923611111108,0.15,0.0,1.0,0.1626394052044599,0.0,0.0,0.017539033456433772,0.35151008808384365,0.004032259259259258,1106.6527738547782,0.33234155527990744,0.00762947955354869,0.18638568579300258,0.005261710036930131,0.35151008808384365,0.14615910066500876,SPARSE-EXTREME,Low
71,355.00000000000006,360.00000000000006,0.0,0.0,0.7600000000000051,52.79242706298828,119.0761962890625,0.9936250000000001,0.005700000000000038,0.0,0.038000000000000256,1.0,0.0,0.0,0.28,0.3570205161514778,0.002436790849673203,1257.1111491759818,0.3317227435690356,0.1218,0.24296787329053587,0.084,0.3570205161514778,0.20364499839833589,LOW-COMPLEXITY,Low
72,360.00000000000006,365.00000000000006,0.0,0.6000000000000085,32.16000000000021,75.29212951660156,76.8462127685547,2.9000868055555555,0.1650000000000002,0.06000000000000085,1.0,0.15547263681591939,0.0,0.15,0.1686975051335947,0.4741871044108176,0.006269160811546841,915.061161999281,0.3366928772456048,0.1345084147331137,0.31317147763490416,0.10310925154007841,0.4741871044108176,0.22221430546235366,SPARSE-EXTREME,Moderate
73,365.00000000000006,370.00000000000006,0.0,1.0,1.0,44.699371337890625,61.30668640136719,2.7056423611111113,0.1325,0.1,0.05,1.0,0.08749999991249999,0.42999999999999994,0.06857142857142857,0.422675676735658,0.006085959558823528,412.6481291843514,0.3429520924700516,0.21883482141479016,0.30711471727250705,0.20169642854080352,0.422675676735658,0.29108299238220303,LOW-COMPLEXITY,Moderate
74,370.00000000000006,375.00000000000006,1.0,2.0,6.280000000000015,89.51150512695312,94.67193145751953,11.382246527777777,0.2267178343949044,0.2,0.3140000000000008,0.6369426751592341,0.456249999934375,0.23666666666666666,0.6002304521988169,0.40183058522416426,0.017834350490196077,1126.3243898072064,0.2630852362176717,0.42940128836281605,0.4745681501361445,0.4225899689700096,0.40183058522416426,0.34638505884693455,HEAVY-TAIL-RISK,Moderate
75,375.00000000000006,380.00000000000006,0.0,1.0,3.760000000000005,91.66222381591797,94.12175140380859,6.967027777777777,0.05320000000000004,0.1,0.18800000000000025,0.13297872340425515,0.0,0.15,0.1086819465620949,0.4041327096869914,0.01161414038671024,1792.9963853287725,0.24690913909469359,0.10840164675451128,0.27864537368031306,0.08510458396862847,0.4041327096869914,0.17374956489802276,LOW-COMPLEXITY,Low
76,380.00000000000006,385.00000000000006,1.0,1.0,1.0,117.22846984863281,120.97268524169922,12.228173611111112,0.6325,0.1,0.05,1.0,0.9124999997375001,0.2583333333333333,0.08000000000000002,0.4138829368899514,0.017455275054466233,1407.7085132847951,0.2721661664650195,0.2837895832919896,0.46885398272255907,0.4337916665747917,0.4138829368899514,0.2732945762962509,LOW-COMPLEXITY,Moderate
77,385.00000000000006,390.00000000000006,1.0,1.0,1.0,116.74154663085938,120.19739990234375,20.82436805555556,0.5325,0.1,0.05,0.1,0.99999999965,0.015,0.08000000000000002,0.38905781987526034,0.026925517837690628,1908.3743922891676,0.23123902581345157,0.19841249994487498,0.4499542529477969,0.37924999987749997,0.38905781987526034,0.19158904646963962,LOW-COMPLEXITY,Moderate
78,390.00000000000006,395.00000000000006,1.0,1.0,1.0,90.65984344482422,109.17398529052734,18.574940972222226,0.5325,0.1,0.05,1.0,0.99999999965,0.015,0.08000000000000002,0.4331056772953246,0.022794285539215683,1982.1798555594946,0.3302136651300421,0.19841249994487498,0.4549918372111913,0.37924999987749997,0.4331056772953246,0.23182755626510684,LOW-COMPLEXITY,Moderate
79,395.00000000000006,400.00000000000006,1.0,2.0,7.0400000000000205,90.66167449951172,91.69286804199218,15.03082986111111,0.17382272727272724,0.2,0.35200000000000103,0.894886363636361,0.4999999999125,0.24999999999999997,0.4158745476477685,0.4293862273772036,0.020076531318082784,1384.6130612636566,0.2879610394263105,0.3615304282129981,0.4603620647204416,0.3872623642637055,0.4293862273772036,0.32264186766817415,SPARSE-EXTREME,Moderate
80,400.00000000000006,405.00000000000006,0.0,2.0,3.0,59.69960403442383,62.315055084228526,4.913999999999999,0.12250000000000001,0.2,0.15,0.13333333333333333,0.043749999978124995,0.5,0.25909629963578507,0.41185368735708505,0.0078662019335512,745.8508554853701,0.26262769748114617,0.32334751533812117,0.3613294024610302,0.26804138988307924,0.41185368735708505,0.3186801627080302,BURST-DOMINATED,Moderate
81,405.00000000000006,410.00000000000006,0.0,2.0,3.0,61.55359649658203,86.62977905273438,6.0372604166666655,0.12250000000000001,0.2,0.15,1.0,0.043749999978124995,0.5,0.412322641509434,0.39068702710780934,0.010230674564270154,727.6637789936402,0.30838083352890694,0.3900009740531585,0.3670547704503092,0.31400929244517395,0.39068702710780934,0.37183622587152443,BURST-DOMINATED,Moderate
82,410.00000000000006,415.00000000000006,0.0,1.0,2.0,73.81842803955078,82.28827362060547,0.2802708333333333,0.14,0.1,0.1,0.15,0.08749999991249999,0.42999999999999994,0.16153394184515688,0.446460502690201,0.003642574482570806,913.3021599877326,0.3288968971375635,0.25927351468886195,0.3497014180988225,0.229585182522922,0.446460502690201,0.30695891050759283,LOW-COMPLEXITY,Moderate
83,415.00000000000006,420.00000000000006,1.0,1.0,2.0,76.25344848632812,82.49436950683594,6.019784722222222,0.39,0.1,0.1,1.0,0.9124999997375001,0.2583333333333333,0.3866666666666667,0.42973271193037793,0.01096653839869281,911.6328195507712,0.2989277235488282,0.41718958329198963,0.5338668780603327,0.5257916665747917,0.42973271193037793,0.3514674244462694,LOW-COMPLEXITY,High
84,420.00000000000006,425.00000000000006,1.0,2.0,3.0,72.611572265625,75.14408569335937,12.319864583333331,0.2891666666666667,0.2,0.15,0.7666666666666667,0.543749999890625,0.236,0.38704782608695654,0.40194488448451027,0.01636499128540305,729.691306062332,0.251281832521531,0.35017642933059956,0.4516230910153788,0.3890268477878057,0.40194488448451027,0.300279950908064,BURST-DOMINATED,Moderate
85,425.00000000000006,430.00000000000006,1.0,2.0,4.760000000000005,77.34146118164062,80.0939453125,14.009840277777778,0.24074201680672264,0.2,0.23800000000000027,1.0,0.543749999890625,0.162,0.5985683405912707,0.39539830282664346,0.017872825708061,886.8477579002353,0.2405592476703921,0.4120328531399762,0.4829081133336518,0.42658300213909994,0.39539830282664346,0.3207331388840039,SPARSE-EXTREME,Moderate
86,430.00000000000006,435.00000000000006,0.0,0.0,1.0,73.10713195800781,73.82634887695312,1.6499548611111112,0.0075,0.0,0.05,1.0,0.0,0.0,1.0,0.42610111610207374,0.0033366913126361654,805.3214426001974,0.2831494142363445,0.435,0.4466220300641742,0.3,0.42610111610207374,0.34136713861511475,HEAVY-TAIL-RISK,Moderate
87,435.00000000000006,440.00000000000006,0.0,0.6000000000000085,1.0,49.01876449584961,55.50362548828125,1.5423402777777782,0.022500000000000214,0.06000000000000085,0.05,1.0,0.0,0.15,0.3439999999999995,0.4216137231382237,0.004383457924836601,444.96860097514275,0.29904053172018547,0.21076499999999976,0.3227029704351002,0.15569999999999984,0.4216137231382237,0.24616287472782178,LOW-COMPLEXITY,Moderate
88,440.00000000000006,445.00000000000006,0.0,0.0,1.0,51.858642578125,54.43506546020508,0.5280694444444445,0.0075,0.0,0.05,0.1,0.0,0.0,0.0,0.39841336944782474,0.0027825083061002185,438.79874373953123,0.2489513325720577,0.0,0.23177779402101725,0.0,0.39841336944782474,0.1059945518314287,LOW-COMPLEXITY,Low
89,445.00000000000006,450.00000000000006,0.0,2.0,7.280000000000015,78.39046478271484,87.45379333496093,5.418833333333334,0.15460000000000013,0.2,0.36400000000000077,0.563186813186812,0.043749999978124995,0.5,0.6012585429891539,0.37625946735812965,0.010625382080610023,1214.0476485425393,0.2430731381022161,0.47218809119683663,0.4129919328787415,0.3706900628890899,0.37625946735812965,0.38720766016750824,HEAVY-TAIL-RISK,Moderate
90,450.00000000000006,455.00000000000006,1.0,3.0,8.280000000000015,70.75933837890625,83.35185394287109,3.9339479166666678,0.230819806763285,0.3,0.41400000000000076,0.18115942028985474,0.3041666666375,0.415,0.26271192924047365,0.35181852884923187,0.007589968954248366,1395.9774672647582,0.21678679656204872,0.33129843921501223,0.3759175112106271,0.33052191209526705,0.35181852884923187,0.29516668437850696,SPARSE-EXTREME,Moderate
91,455.00000000000006,460.00000000000006,1.0,1.0,1.7600000000000051,62.730064392089844,83.45366516113282,8.07636111111111,0.4222909090909084,0.1,0.08800000000000026,1.0,0.9124999997375001,0.2583333333333333,0.3820289855072465,0.42576864328298103,0.010111933551198259,1331.4113716650456,0.3417467007348268,0.4151721919876418,0.5197285720371791,0.5244003622269656,0.42576864328298103,0.36822387091910114,LOW-COMPLEXITY,High
92,460.00000000000006,465.00000000000006,1.0,1.0,32.16000000000021,76.95135498046875,87.30876312255859,5.410506944444444,0.2905472636815919,0.1,1.0,0.16480099502487455,0.9124999997375001,0.2583333333333333,0.1739014820578356,0.36635083368882554,0.010542835103485838,838.6077316270914,0.22832411697457777,0.32463672798714804,0.4653373071904091,0.4619621111921423,0.36635083368882554,0.27611096322373435,SPARSE-EXTREME,Moderate
93,465.00000000000006,470.00000000000006,0.0,1.0,12.760000000000005,87.7922134399414,92.63544921875001,9.46628125,0.12070000000000003,0.1,0.6380000000000002,0.10971786833855794,0.0,0.15,0.3249944266626089,0.46192509522106484,0.011935312772331157,913.6618876147322,0.33148246091843514,0.2024975755982349,0.33933162710917597,0.14999832799878268,0.46192509522106484,0.2552751901415543,SPARSE-EXTREME,Moderate
94,470.00000000000006,475.00000000000006,0.0,1.0,2.0,46.53929138183594,93.03757781982422,3.9665833333333325,0.14,0.1,0.1,1.0,0.08749999991249999,0.42999999999999994,0.376,0.4376148537532029,0.007561631808278868,518.329355407775,0.42336410126403334,0.3525662499862187,0.35653830170195755,0.29392499996937493,0.4376148537532029,0.390966742789401,LOW-COMPLEXITY,Moderate
95,475.00000000000006,480.00000000000006,1.0,1.0,1.0,51.75419616699219,56.92377395629883,7.769315972222223,0.5325,0.1,0.05,1.0,0.99999999965,0.235,0.08000000000000002,0.38847247764868964,0.010923703295206972,443.12093395336916,0.24516249816906052,0.288062499944875,0.46695526456618947,0.4562499998775,0.38847247764868964,0.25964747227052415,LOW-COMPLEXITY,Moderate
96,480.00000000000006,485.00000000000006,1.0,1.0,34.16000000000021,91.30875396728516,92.8063949584961,7.531010416666665,0.28963700234192025,0.1,1.0,0.16686182669789124,0.9124999997375001,0.2583333333333333,0.49411284216331075,0.4397618191820417,0.012347642429193898,1034.2682213615017,0.30348359876226366,0.4639286696330297,0.5598453436357056,0.5580255192237848,0.4397618191820417,0.37644747451594823,SPARSE-EXTREME,High
97,485.00000000000006,490.00000000000006,0.0,1.0,1.0,117.78227233886719,120.32952270507812,3.3502638888888896,0.0325,0.1,0.05,1.0,0.0,0.15,0.04571428571428573,0.5057120493686731,0.006933740876906318,2136.7003024592036,0.3742441526164769,0.08101071428571428,0.2982177450002296,0.06621428571428571,0.5057120493686731,0.2094274175732934,LOW-COMPLEXITY,Low
98,490.00000000000006,495.00000000000006,1.0,1.0,2.760000000000005,56.345123291015625,60.33290023803711,5.666072916666666,0.3268594202898548,0.1,0.13800000000000026,1.0,0.9124999997375001,0.2583333333333333,0.5230682706244403,0.3874466515606455,0.00933802805010893,540.3629231179543,0.24231468647424512,0.4765242810136211,0.5467511774377504,0.5667121477621238,0.3874466515606455,0.35870216637717317,LOW-COMPLEXITY,High
99,495.00000000000006,500.00000000000006,1.0,2.0,61.76000000000039,58.674747467041016,63.57156829833985,6.0146250000000006,0.20809585492227972,0.2,1.0,0.20887305699481734,0.4999999999125,0.18999999999999997,0.4265095311117132,0.3868754130602198,0.014269816993464053,640.1288480285485,0.24621152769462926,0.34170664601981393,0.4363475939634872,0.36945285930288896,0.3868754130602198,0.2905849981362371,SPARSE-EXTREME,Moderate
100,500.00000000000006,505.00000000000006,1.0,4.0,22.680000000000092,63.75394821166992,83.89741516113281,20.392138888888887,0.29704585537918865,0.4,1.0,0.30864197530864074,0.27187499997265624,0.419,0.39823296212405185,0.4076823277827485,0.02481983605664488,721.6527499454229,0.3153539235629243,0.38679415101965586,0.4091752860241338,0.3612761386276452,0.4076823277827485,0.3634526742628296,SPARSE-EXTREME,Moderate
101,505.00000000000006,510.00000000000006,3.0,5.0,25.800000000000026,47.60734558105469,67.49328918457032,17.245434027777776,0.20430620155038762,0.16666666666666669,0.43000000000000044,0.2596899224806199,0.599999999958,0.13833333333333334,0.5022723818341494,0.4034693805354906,0.02118042824074074,698.4455857366618,0.32357561769292625,0.36935931942457323,0.45733650009978477,0.4090983812022114,0.4034693805354906,0.3309124293559709,SPARSE-EXTREME,Moderate
102,510.00000000000006,515.0,3.0,4.0,4.0,73.69820404052734,80.08338012695313,24.861086805555555,0.41833333333333333,0.13333333333333333,0.06666666666666667,0.1,0.749999999934375,0.19333333333333333,0.08727272727272728,0.3757172016031039,0.02515632856753813,1377.8663772315788,0.22851068971083785,0.2348719696866338,0.4156431143138446,0.3563484848255161,0.3757172016031039,0.22722537688873098,LOW-COMPLEXITY,Moderate
103,515.0,520.0,4.0,5.0,5.0,84.9407730102539,86.89154663085938,34.56155555555556,0.44062500000000004,0.125,0.0625,0.1,0.799999999944,0.11758333333333339,0.08558139534883721,0.3859273160604464,0.037646090413943345,2131.3810013996163,0.22494705372117504,0.2111431153012575,0.42406329670586485,0.3468285852517178,0.3859273160604464,0.2066468943281875,LOW-COMPLEXITY,Moderate
104,520.0,525.0,4.0,4.0,5.0,81.27948760986328,81.82252655029296,33.962260416666666,0.4593750000000001,0.1,0.0625,0.1,0.9781249999179688,0.18366666666666664,0.0915888888888889,0.4044861994937846,0.036719557734204794,2224.783005944418,0.24363574174281552,0.2687400208204134,0.4754876909766952,0.434103749971289,0.4044861994937846,0.24677201283980488,LOW-COMPLEXITY,Moderate
105,525.0,530.0,2.0,3.0,3.0,80.0239486694336,97.5892837524414,19.81393055555555,0.4487499999999999,0.15,0.075,1.0,0.6666666665888888,0.11249999999999999,0.08470588235294119,0.40316241387464824,0.02380407543572985,2159.9607942716366,0.2921322426356573,0.18769080881127942,0.39151863482266036,0.29812009801199346,0.40316241387464824,0.22313792239003888,LOW-COMPLEXITY,Moderate
106,530.0,535.0,0.0,2.0,3.0,66.65662384033203,97.55511322021485,6.126232638888888,0.17250000000000001,0.2,0.15,1.0,0.08749999995624999,0.42999999999999994,0.46636170041989694,0.41433962797166674,0.009112012799564272,1411.621301464189,0.34365693443278406,0.39187358967576447,0.386241684582742,0.3210335101106565,0.41433962797166674,0.3808824048904195,BURST-DOMINATED,Moderate
107,535.0,540.0,0.0,0.0,0.0,67.81534576416016,68.15262908935547,0.32593055555555556,0.0,0.0,0.0,0.1,0.0,0.0,0.0,0.42021032506155004,0.0010572145969498909,822.3401868801556,0.2642251488105036,0.0,0.2453231763239833,0.0,0.42021032506155004,0.11292310485325843,LOW-COMPLEXITY,Low
108,540.0,545.0,0.0,0.0,0.0,66.11408233642578,67.8041000366211,0.5979409722222222,0.0,0.0,0.0,0.1,0.0,0.0,0.0,0.40539622447977613,0.0013524910130718955,790.5027745128789,0.25168350740313805,0.0,0.2394239066298079,0.0,0.40539622447977613,0.10829106490205775,LOW-COMPLEXITY,Low
109,545.0,550.0,0.0,0.0,0.7600000000000051,65.2628173828125,82.88342895507813,1.0107743055555556,0.005700000000000038,0.0,0.038000000000000256,1.0,0.0,0.0,0.28,0.4366446700525157,0.003060269744008715,1123.1889292426306,0.3461842482590883,0.1218,0.2936578632683442,0.084,0.4366446700525157,0.2087112087603357,LOW-COMPLEXITY,Low
110,550.0,555.0,0.0,0.0,1.0,66.21309661865234,83.14694671630859,3.030611111111112,0.0075,0.0,0.05,1.0,0.0,0.0,0.28,0.3496344157102824,0.006258358523965143,954.4879717366546,0.2266551564565346,0.1218,0.26457689870512446,0.084,0.3496344157102824,0.16052088884749027,LOW-COMPLEXITY,Low
111,555.0,560.0,0.0,0.0,0.7600000000000051,57.420921325683594,67.33028717041016,1.385527777777778,0.005700000000000038,0.0,0.038000000000000256,1.0,0.0,0.0,0.28,0.4549828810278949,0.0033528846677559915,539.497085287245,0.35364782451171173,0.1218,0.3042388912287668,0.084,0.4549828810278949,0.21156180392895052,LOW-COMPLEXITY,Moderate
112,560.0,565.0,0.0,0.0,1.0,65.35041046142578,73.13126678466797,1.3116006944444443,0.0075,0.0,0.05,1.0,0.0,0.0,0.28,0.36282316343763843,0.003583379765795207,799.7519016419726,0.2198184227732519,0.1218,0.2750988733350571,0.084,0.36282316343763843,0.15748802619448632,LOW-COMPLEXITY,Low
113,565.0,570.0,0.0,0.0,0.7600000000000051,69.14866638183594,70.16995391845703,1.39059375,0.005700000000000038,0.0,0.038000000000000256,1.0,0.0,0.0,0.28,0.42516263930647075,0.0033014037309368185,791.6916399903196,0.28104747114440676,0.1218,0.30183963203241704,0.084,0.42516263930647075,0.18187694695693166,LOW-COMPLEXITY,Moderate
114,570.0,575.0,0.0,0.0,0.7600000000000051,63.862422943115234,73.59971618652344,3.08540625,0.005700000000000038,0.0,0.038000000000000256,1.0,0.0,0.0,0.28,0.3741767248356377,0.005877367919389978,626.7091630398705,0.24053737789169144,0.1218,0.27743343615926763,0.084,0.3741767248356377,0.16582621039267997,LOW-COMPLEXITY,Low
115,575.0,580.0,0.0,0.0,32.16000000000021,58.52906799316406,63.87125778198242,6.402614583333333,0.15,0.0,1.0,0.15547263681591939,0.0,0.0,1.0,0.5220333663269405,0.009565930691721132,763.7002059665892,0.4060995172325683,0.435,0.4700263364051356,0.3,0.5220333663269405,0.38705063477634644,HEAVY-TAIL-RISK,Moderate
116,580.0,585.0,7.0,7.0,7.760000000000005,60.814842224121094,64.02950439453126,40.69185416666668,0.4986309278350513,0.1,0.05542857142857146,0.10309278350515456,0.9874999999517857,0.17537037037037034,0.09296134644393525,0.3874868398557571,0.03844472657952069,627.9171866711597,0.23511236112713751,0.26743286162144403,0.46813509736092107,0.43489303354593517,0.3874868398557571,0.24231854923513477,LOW-COMPLEXITY,Moderate
117,585.0,590.0,4.0,6.0,7.0,69.27717590332031,74.84559936523438,26.317520833333337,0.4030059523809523,0.15,0.0875,0.5571428571428572,0.6374999999659723,0.16583333333333333,0.47934284373501335,0.3736609561985259,0.02992184558823529,682.6454855743767,0.22412097350646504,0.3764974703527048,0.46843869918230485,0.424969519775261,0.3736609561985259,0.2959585523109931,LOW-COMPLEXITY,Moderate
118,590.0,595.0,1.0,2.0,2.0,56.9453239440918,68.40693817138671,9.123625,0.315,0.2,0.1,0.1,0.4999999999125,0.24999999999999997,0.09846153846153848,0.3487427970506516,0.017855820533769058,468.7061327913495,0.22200915455165998,0.22345576921698798,0.3565943155876088,0.2920384615078365,0.3487427970506516,0.22589611923806094,BURST-DOMINATED,Moderate
119,595.0,600.0,2.0,2.0,3.0,68.6824722290039,77.93562774658203,11.286541666666666,0.4195833333333333,0.1,0.075,1.0,0.956249999846875,0.20500000000000002,0.4056999999999998,0.3664048533692699,0.015277730119825706,767.9934631836754,0.22711406421867664,0.4106263749758827,0.5150182783295321,0.5281474999464062,0.3664048533692699,0.31431721618235703,LOW-COMPLEXITY,High
120,600.0,605.0,0.0,1.0,2.0,52.275516510009766,57.171267700195315,1.2120416666666667,0.14,0.1,0.1,0.1,0.08749999991249999,0.42999999999999994,0.0987,0.3997315735467365,0.0042999948257080615,440.3983739500838,0.26047646069532776,0.2319407499862187,0.3181770355843309,0.21073499996937495,0.3997315735467365,0.26397229941549555,LOW-COMPLEXITY,Moderate
121,605.0,610.0,0.0,0.0,0.0,54.95848846435547,60.83989028930664,1.0085416666666667,0.0,0.0,0.0,0.0,0.0,0.0,0.0,0.3703212813825613,0.003653578022875817,419.6358750909117,0.22564660018496,0.0,0.21722401209175218,0.0,0.3703212813825613,0.09627138397895292,LOW-COMPLEXITY,Low
122,610.0,615.0,0.0,0.0,0.0,64.33201599121094,66.46244506835937,1.485472222222222,0.0,0.0,0.0,0.0,0.0,0.0,0.0,0.40350470459379495,0.00485158047385621,548.4222353807136,0.25065959321571873,0.0,0.23820174876978603,0.0,0.40350470459379495,0.10782423252883575,LOW-COMPLEXITY,Low
123,615.0,620.0,0.0,1.0,1.0,68.9829330444336,69.57028198242188,2.249302083333333,0.0325,0.1,0.05,0.1,0.0,0.15,0.04571428571428573,0.41149694877285037,0.0057697397875817,653.3178393268095,0.25286456706643196,0.08101071428571428,0.26969997346260516,0.06621428571428571,0.41149694877285037,0.16231017990905805,LOW-COMPLEXITY,Low
124,620.0,625.0,0.0,0.0,0.0,67.8006362915039,68.83359375,2.338326388888889,0.0,0.0,0.0,0.1,0.0,0.0,0.0,0.4079778083305435,0.004967031045751634,655.0913364662441,0.2502312392198174,0.0,0.24056959976458814,0.0,0.4079778083305435,0.10732052744487867,LOW-COMPLEXITY,Low
125,625.0,630.0,0.0,0.0,0.0,69.25587463378906,71.12436218261719,2.381670138888889,0.0,0.0,0.0,0.1,0.0,0.0,0.0,0.422437763011713,0.005058880855119825,674.9091129661265,0.2736934133244477,0.0,0.2449124508633098,0.0,0.422437763011713,0.11695662371145402,LOW-COMPLEXITY,Low
126,630.0,635.0,0.0,0.0,1.0,75.75594329833984,78.64770812988282,2.9285868055555557,0.0075,0.0,0.05,0.1,0.0,0.0,0.0,0.3870346144400328,0.006682239106753813,757.0383034609624,0.23104043639530616,0.0,0.23261018596131877,0.0,0.3870346144400328,0.10017512967410645,LOW-COMPLEXITY,Low
127,635.0,640.0,0.0,0.0,1.0,79.7045669555664,81.58323974609375,2.8660208333333337,0.0075,0.0,0.05,0.1,0.0,0.0,1.0,0.39052746707923636,0.006208675789760349,858.9656979100974,0.23183594962960014,0.435,0.43534331533989223,0.3,0.39052746707923636,0.3206562684139532,HEAVY-TAIL-RISK,Moderate
128,640.0,645.0,0.0,2.0,3.760000000000005,78.54491424560547,79.47562408447266,3.469149305555555,0.07820000000000005,0.2,0.18800000000000025,0.10638297872340412,0.0,0.15,0.10474736742657162,0.4463934422437962,0.0077420174291939,863.9215260922967,0.2988790145888724,0.10669010483055864,0.29256402317675145,0.08392421022797147,0.4463934422437962,0.19345065995933589,BURST-DOMINATED,Low
129,645.0,650.0,0.0,0.0,0.7600000000000051,77.19630432128906,78.10211029052735,2.8996840277777785,0.005700000000000038,0.0,0.038000000000000256,0.1,0.0,0.0,0.0088421052515233,0.4041931324448451,0.0061877423747276694,871.9835684545359,0.24676757928815643,0.003846315784412635,0.241923998665,0.0026526315754569897,0.4041931324448451,0.10833522185334542,LOW-COMPLEXITY,Low
130,650.0,655.0,0.0,0.0,1.0,78.2914047241211,80.59667663574218,3.1833541666666667,0.0075,0.0,0.05,0.1,0.0,0.0,0.0,0.4048301213745573,0.006707259259259258,905.9855486896856,0.2521319772125726,0.0,0.23923096627470392,0.0,0.4048301213745573,0.10858929645879332,LOW-COMPLEXITY,Low
131,655.0,660.0,0.0,1.0,1.7600000000000051,82.99791717529297,84.9359619140625,3.839173611111111,0.03820000000000004,0.1,0.08800000000000026,0.11363636363636331,0.0,0.15,0.07494539163649995,0.38524446568715304,0.008330169389978215,950.1153681116032,0.2249340092477833,0.09372624536187749,0.2665851569693805,0.07498361749094998,0.38524446568715304,0.15820250188686158,LOW-COMPLEXITY,Low
132,660.0,665.0,0.0,0.0,1.0,87.96761322021484,88.99213256835938,5.467631944444444,0.0075,0.0,0.05,0.1,0.0,0.0,1.0,0.39803083899687663,0.010209946214596949,1017.6127307057526,0.23733949243313704,0.435,0.4386082895098308,0.3,0.39803083899687663,0.32267493779579015,HEAVY-TAIL-RISK,Moderate
133,665.0,670.0,0.0,0.0,1.0,83.6897964477539,88.60241241455078,5.031732638888888,0.0075,0.0,0.05,0.1,0.0,0.0,0.04760395761369884,0.41133927394535824,0.009480342456427013,928.6447131610387,0.26795103814966476,0.02070772156195899,0.24888494441586492,0.01428118728410965,0.41133927394535824,0.12539102477610037,LOW-COMPLEXITY,Low
134,670.0,675.0,0.0,0.0,1.0,91.0993881225586,93.82668914794922,3.4927708333333327,0.0075,0.0,0.05,0.1,0.0,0.0,0.0,0.39012296418740267,0.007820730119825708,1007.3904641439208,0.23181631016669738,0.0,0.23392570521441663,0.0,0.39012296418740267,0.10025141086154384,LOW-COMPLEXITY,Low
135,675.0,680.0,0.0,1.0,1.0,78.33870697021484,85.1740478515625,2.9815486111111107,0.1325,0.1,0.05,0.1,0.08749999991249999,0.42999999999999994,0.06857142857142857,0.375011286779338,0.0074566161492374715,790.57523723082,0.22769967575398675,0.21883482141479016,0.30905472289878255,0.20169642854080352,0.375011286779338,0.24605188348244703,LOW-COMPLEXITY,Moderate
136,680.0,685.0,0.0,0.0,1.0,70.82733154296875,74.0257354736328,3.3280902777777777,0.0075,0.0,0.05,0.1,0.0,0.0,0.0,0.38940308255693573,0.00685452301198257,636.4113789852993,0.2369806042219109,0.0,0.2327287295048641,0.0,0.38940308255693573,0.10259458679842394,LOW-COMPLEXITY,Low
137,685.0,690.0,0.0,0.0,0.7600000000000051,64.21330261230469,65.17521057128906,2.799836805555555,0.005700000000000038,0.0,0.038000000000000256,0.1,0.0,0.0,0.0088421052515233,0.40290376668756134,0.005968135076252723,548.6638071286266,0.24553014382913438,0.003846315784412635,0.24132353304999568,0.0026526315754569897,0.40290376668756134,0.10782868259790383,LOW-COMPLEXITY,Low
138,690.0,695.0000000000001,1.0,3.0,4.0,77.4657211303711,79.01352996826172,5.376250000000001,0.26333333333333336,0.3,0.2,0.1,0.3041666666375,0.415,0.1520220338983051,0.4185438366585636,0.0098012746459695,729.9763932871739,0.2725247943268517,0.28314833474116896,0.38500078713276475,0.2973149434926165,0.4185438366585636,0.29293001857999834,SPARSE-EXTREME,Moderate
139,695.0000000000001,700.0000000000001,1.0,1.0,2.0,76.97444152832031,79.91224670410156,6.007427083333333,0.29000000000000004,0.1,0.1,0.1,0.99999999965,0.015,0.12914357667366996,0.4063862812194867,0.010427005038126363,845.4847789653882,0.2573373296960256,0.21978995579792143,0.46455587989254077,0.39399307287960095,0.4063862812194867,0.21278818900658086,LOW-COMPLEXITY,Moderate
140,700.0000000000001,705.0000000000001,1.0,2.0,4.0,71.54998016357422,74.68497161865234,5.699774305555557,0.205,0.2,0.2,0.1,0.4999999999125,0.24999999999999997,0.12190476190476192,0.41805333497359015,0.010668876089324618,688.1632079229134,0.2713239132490574,0.23365357141479015,0.39599210846879107,0.29907142854080354,0.41805333497359015,0.25053157513092233,SPARSE-EXTREME,Moderate
141,705.0000000000001,710.0000000000001,1.0,1.0,4.0,118.06336212158203,121.7729705810547,5.683347222222222,0.28,0.1,0.2,0.1,0.9124999997375001,0.2583333333333333,0.25207217545637994,0.49687915033883756,0.00952556699346405,1774.693859776533,0.36436339238343696,0.3586409796155149,0.5291367103234854,0.4854133192117056,0.49687915033883756,0.34555391687201925,SPARSE-EXTREME,High
142,710.0000000000001,715.0000000000001,1.0,1.0,2.0,121.16390228271484,122.42562866210938,7.711829861111109,0.39,0.1,0.1,0.1,0.9124999997375001,0.2583333333333333,0.2572380651861217,0.39812106906613515,0.013450534041394336,2059.318883753115,0.237344304389264,0.3608881416479525,0.5016081116569076,0.48696308613062816,0.39812106906613515,0.2978737671192674,LOW-COMPLEXITY,High
143,715.0000000000001,720.0000000000001,1.0,2.0,3.0,120.57272338867188,122.22711944580078,8.070864583333336,0.2891666666666667,0.2,0.15,0.16666666666666669,0.456249999934375,0.23666666666666666,0.20164117641458826,0.43466183107346434,0.015968219362745097,1896.4098252330532,0.2885799103210528,0.2560149533966766,0.4093836593174295,0.30301318623474105,0.43466183107346434,0.26832162128211556,BURST-DOMINATED,Moderate
144,720.0000000000001,725.0000000000001,1.0,1.0,2.760000000000005,103.33544921875,105.7166732788086,9.462111111111112,0.3268594202898548,0.1,0.13800000000000026,0.10869565217391283,0.9124999997375001,0.2583333333333333,0.17115596406596112,0.3992479625781305,0.016980375272331157,1769.7062342279653,0.24232805265372506,0.3234424276606827,0.48396480578927004,0.46113845579458,0.3992479625781305,0.2809964456518019,LOW-COMPLEXITY,Moderate
145,725.0000000000001,730.0000000000001,1.0,1.0,2.760000000000005,111.21685028076172,116.03653564453126,11.065114583333333,0.3268594202898548,0.1,0.13800000000000026,0.14492753623188379,0.9124999997375001,0.2583333333333333,0.13987408122670228,0.3827324398387275,0.01921329411764706,1973.9289154707296,0.2268735620393913,0.3098348086256051,0.47094189048077384,0.4517538909428023,0.3827324398387275,0.26814777824562325,LOW-COMPLEXITY,Moderate
146,730.0000000000001,735.0000000000001,1.0,3.0,4.760000000000005,107.23939514160156,112.58205108642578,12.091579861111109,0.21574201680672261,0.3,0.23800000000000027,0.10504201680672258,0.3333333332944444,0.34500000000000003,0.1527324283504173,0.4042610177228716,0.019772923338779953,1855.3252149686143,0.25592175708548054,0.2595261063263065,0.3766540444844185,0.2832363951581807,0.4042610177228716,0.2678844039341315,SPARSE-EXTREME,Moderate
147,735.0000000000001,740.0000000000001,1.0,1.0,2.0,113.34530639648438,114.33252868652343,11.82889236111111,0.29000000000000004,0.1,0.1,0.1,0.99999999965,0.235,0.10666666666666667,0.41978325222333157,0.01941045683551198,1834.843537848198,0.2667977423615024,0.29966249994487504,0.49356364324772173,0.46424999987749993,0.41978325222333157,0.27595033326162094,LOW-COMPLEXITY,Moderate
148,740.0000000000001,745.0000000000001,1.0,2.6000000000000085,4.0,99.68961334228516,107.44796142578124,12.53040625,0.2584615384615386,0.26000000000000084,0.2,0.1,0.35096153842270594,0.34828205128205275,0.24422543216136078,0.39262972395579954,0.01871251171023965,1501.8978597708342,0.24432977174242737,0.30343944118920463,0.3923436861009473,0.31800288604507376,0.39262972395579954,0.2850320726623127,SPARSE-EXTREME,Moderate
149,745.0000000000001,750.0000000000001,1.0,2.6000000000000085,4.0,94.32575988769531,107.54134521484374,8.20504513888889,0.2584615384615386,0.26000000000000084,0.2,0.1,0.4182692307045105,0.2786000000000006,0.2358123146675168,0.3632210053289836,0.014149151824618737,1250.1696521847603,0.22626407315022873,0.28198526071633045,0.3819206612712899,0.31464792514683393,0.3632210053289836,0.2610208638879476,SPARSE-EXTREME,Moderate
150,750.0000000000001,755.0000000000001,1.0,2.0,4.0,61.49165344238281,66.62198333740234,5.758538194444444,0.255,0.2,0.2,0.125,0.543749999890625,0.162,0.2861050180055957,0.39482477966941837,0.010706576388888887,587.6087194965539,0.25002016053161524,0.27611130781520754,0.41587155603682857,0.3328440053633974,0.39482477966941837,0.25527468266218234,SPARSE-EXTREME,Moderate
151,755.0000000000001,760.0000000000001,1.0,2.0,3.0,92.43321990966797,96.87009124755859,5.729902777777777,0.2891666666666667,0.2,0.15,0.13333333333333333,0.543749999890625,0.236,0.1590478260589563,0.40613186613427843,0.010116455610021786,1186.5864357624687,0.26372468049278414,0.2509964293184194,0.40569648707860784,0.32062684777940564,0.40613186613427843,0.2551803180991787,BURST-DOMINATED,Moderate
152,760.0000000000001,765.0000000000001,0.0,0.0,2.0,65.8998794555664,65.93964233398438,0.027059027777777776,0.015,0.0,0.1,0.1,0.0,0.0,0.0,0.4992049665600241,0.0002425272331154684,942.8060398262228,0.35934713768844917,0.0,0.26973427876869327,0.0,0.4992049665600241,0.1492793247732612,LOW-COMPLEXITY,Low
153,765.0000000000001,765.24,0.0,0.0,0.0,33.63972282409668,38.257198333740234,0.19046585648148148,0.0,0.0,0.0,0.0,0.0,0.0,0.0,0.36263239730772284,0.00020613482661583152,311.6058593749812,0.22291278141575815,0.0,0.20659315331999067,0.0,0.36263239730772284,0.0931058950429451,LOW-COMPLEXITY,Low
